{
  "rectangles": [
   

    {
      "points": {
        "A": {
          "x": 2115,
          "y": 2134
        },
        "B": {
          "x": 3053,
          "y": 2134
        },
        "C": {
          "x": 3053,
          "y": 3475
        },
        "D": {
          "x": 2115,
          "y": 3475
        }
      }
    },
    {
      "points": {
        "A": {
          "x": 2016,
          "y": 1535
        },
        "B": {
          "x": 2214,
          "y": 1535
        },
        "C": {
          "x": 2214,
          "y": 1772
        },
        "D": {
          "x": 2016,
          "y": 1772
        }
      }
    },
    {
      "points": {
        "A": {
          "x": 2896,
          "y": 1512
        },
        "B": {
          "x": 3121,
          "y": 1512
        },
        "C": {
          "x": 3121,
          "y": 1720
        },
        "D": {
          "x": 2896,
          "y": 1720
        }
      }
    }
    ,{
      "points": {
        "A": {
          "x": 2308,
          "y": 1834
        },
        "B": {
          "x": 2488,
          "y": 1834
        },
        "C": {
          "x": 2488,
          "y": 2063
        },
        "D": {
          "x": 2308,
          "y": 2063
        }
      }
    },{
      "points": {
        "A": {
          "x": 6013,
          "y": 2844
        },
        "B": {
          "x": 6734,
          "y": 2844
        },
        "C": {
          "x": 6734,
          "y": 3530
        },
        "D": {
          "x": 6013,
          "y": 3530
        }
      }
    },{
      "points": {
        "A": {
          "x": 7381,
          "y": 2946
        },
        "B": {
          "x": 8130,
          "y": 2946
        },
        "C": {
          "x": 8130,
          "y": 3541
        },
        "D": {
          "x": 7381,
          "y": 3541
        }
      }
    },{
      "points": {
        "A": {
          "x": 7418,
          "y": 1269
        },
        "B": {
          "x": 7649,
          "y": 1269
        },
        "C": {
          "x": 7649,
          "y": 1506
        },
        "D": {
          "x": 7418,
          "y": 1506
        }
      }
    },{
      "points": {
        "A": {
          "x": 7839,
          "y": 1624
        },
        "B": {
          "x": 8109,
          "y": 1624
        },
        "C": {
          "x": 8109,
          "y": 1854
        },
        "D": {
          "x": 7839,
          "y": 1854
        }
      }
    },{
      "points": {
        "A": {
          "x": 7496,
          "y": 2077
        },
        "B": {
          "x": 7776,
          "y": 2077
        },
        "C": {
          "x": 7776,
          "y": 2307
        },
        "D": {
          "x": 7496,
          "y": 2307
        }
      }
    },{
      "points": {
        "A": {
          "x": 7844,
          "y": 2347
        },
        "B": {
          "x": 8102,
          "y": 2347
        },
        "C": {
          "x": 8102,
          "y": 2595
        },
        "D": {
          "x": 7844,
          "y": 2595
        }
      }
    },{
      "points": {
        "A": {
          "x": 6508,
          "y": 1176
        },
        "B": {
          "x": 6750,
          "y": 1176
        },
        "C": {
          "x": 6750,
          "y": 1419
        },
        "D": {
          "x": 6508,
          "y": 1419
        }
      }
    },{
      "points": {
        "A": {
          "x": 6509,
          "y": 1860
        },
        "B": {
          "x": 6763,
          "y": 1860
        },
        "C": {
          "x": 6763,
          "y": 2104
        },
        "D": {
          "x": 6509,
          "y": 2104
        }
      }
    }
    ,{
      "points": {
        "A": {
          "x": 6065,
          "y": 1520
        },
        "B": {
          "x": 6298,
          "y": 1520
        },
        "C": {
          "x": 6298,
          "y": 1762
        },
        "D": {
          "x": 6065,
          "y": 1762
        }
      }
    },
    {
      "points": {
        "A": {
          "x": 7447,
          "y": 2518
        },
        "B": {
          "x": 7673,
          "y": 2518
        },
        "C": {
          "x": 7673,
          "y": 2768
        },
        "D": {
          "x": 7447,
          "y": 2768
        }
      }
    },
    {
      "points": {
        "A": {
          "x": 6155,
          "y": 2100
        },
        "B": {
          "x": 6410,
          "y": 2100
        },
        "C": {
          "x": 6410,
          "y": 2352
        },
        "D": {
          "x": 6155,
          "y": 2352
        }
      }
    },{
      "points": {
        "A": {
          "x": 6495,
          "y": 2520
        },
        "B": {
          "x": 6753,
          "y": 2520
        },
        "C": {
          "x": 6753,
          "y": 2765
        },
        "D": {
          "x": 6495,
          "y": 2765
        }
      }
    }
   
   ,{
    "points": {
      "A": {
        "x": 946,
        "y": 4404
      },
      "B": {
        "x": 1433,
        "y": 4404
      },
      "C": {
        "x": 1433,
        "y": 4769
      },
      "D": {
        "x": 946,
        "y": 4769
      }
    }
  }
  ,{
    "points": {
      "A": {
        "x": 1602,
        "y": 4034
      },
      "B": {
        "x": 1809,
        "y": 4034
      },
      "C": {
        "x": 1809,
        "y": 4256
      },
      "D": {
        "x": 1602,
        "y": 4256
      }
    }
  }
   , {
      "points": {
        "A": {
          "x": 625,
          "y": 4592
        },
        "B": {
          "x": 937,
          "y": 4592
        },
        "C": {
          "x": 937,
          "y": 4844
        },
        "D": {
          "x": 625,
          "y": 4844
        }
      }
    },
    {
      "points": {
        "A": {
          "x": 1757,
          "y": 4592
        },
        "B": {
          "x": 1897,
          "y": 4592
        },
        "C": {
          "x": 1897,
          "y": 4844
        },
        "D": {
          "x": 1757,
          "y": 4844
        }
      }
    },
    {
      "points": {
        "A": {
          "x": 228,
          "y": 1774
        },
        "B": {
          "x": 1453,
          "y": 1774
        },
        "C": {
          "x": 1453,
          "y": 2374
        },
        "D": {
          "x": 228,
          "y": 2374
        }
      }
    },
    {
      "points": {
        "A": {
          "x": 4661,
          "y": 4166
        },
        "B": {
          "x": 5161,
          "y": 4166
        },
        "C": {
          "x": 5161,
          "y": 4544
        },
        "D": {
          "x": 4661,
          "y": 4544
        }
      }
    },{
      "points": {
        "A": {
          "x": 5225,
          "y": 4320
        },
        "B": {
          "x": 5427,
          "y": 4320
        },
        "C": {
          "x": 5427,
          "y": 4542
        },
        "D": {
          "x": 5225,
          "y": 4542
        }
      }
    },{
      "points": {
        "A": {
          "x": 4365,
          "y": 4320
        },
        "B": {
          "x": 4585,
          "y": 4320
        },
        "C": {
          "x": 4585,
          "y": 4546
        },
        "D": {
          "x": 4365,
          "y": 4546
        }
      }
    },
    
    
    {
      "points": {
        "A": {
          "x": 6359,
          "y": 4239
        },
        "B": {
          "x": 6655,
          "y": 4239
        },
        "C": {
          "x": 6655,
          "y": 4543
        },
        "D": {
          "x": 6359,
          "y": 4543
        }
      }
    },{
      "points": {
        "A": {
          "x": 4096,
          "y": 2474
        },
        "B": {
          "x": 4884,
          "y": 2474
        },
        "C": {
          "x": 4884,
          "y": 3202
        },
        "D": {
          "x": 4096,
          "y": 3202
        }
      }
    },{
      "points": {
        "A": {
          "x": 3648,
          "y": 2302
        },
        "B": {
          "x": 3855,
          "y": 2302
        },
        "C": {
          "x": 3855,
          "y": 2532
        },
        "D": {
          "x": 3648,
          "y": 2532
        }
      }
    }
    ,{
      "points": {
        "A": {
          "x": 3488,
          "y": 1912
        },
        "B": {
          "x": 3576,
          "y": 1912
        },
        "C": {
          "x": 3576,
          "y": 1998
        },
        "D": {
          "x": 3488,
          "y": 1998
        }
      }
    },

   {
      "points": {
        "A": {
          "x": 5188,
          "y": 2204
        },
        "B": {
          "x": 5400,
          "y": 2204
        },
        "C": {
          "x": 5400,
          "y": 2435
        },
        "D": {
          "x": 5188,
          "y": 2435
        }
      }
    },
    {
      "points": {
        "A": {
          "x": 4437,
          "y": 2144
        },
        "B": {
          "x": 4680,
          "y": 2144
        },
        "C": {
          "x": 4680,
          "y": 2364
        },
        "D": {
          "x": 4437,
          "y": 2364
        }
      }
    },
    {
      "points": {
        "A": {
          "x": 5114,
          "y": 2784
        },
        "B": {
          "x": 5322,
          "y": 2784
        },
        "C": {
          "x": 5322,
          "y": 2995
        },
        "D": {
          "x": 5114,
          "y": 2995
        }
      }
    },
    {
      "points": {
        "A": {
          "x": 3634,
          "y": 3067
        },
        "B": {
          "x": 3865,
          "y": 3067
        },
        "C": {
          "x": 3865,
          "y": 3284
        },
        "D": {
          "x": 3634,
          "y": 3284
        }
      }
    },
    {
      "points": {
        "A": {
          "x": 9110,
          "y": 3972
        },
        "B": {
          "x": 9642,
          "y": 3972
        },
        "C": {
          "x": 9642,
          "y": 4452
        },
        "D": {
          "x": 9110,
          "y": 4452
        }
      }
    },
    {
      "points": {
        "A": {
          "x": 8693,
          "y": 3944
        },
        "B": {
          "x": 8937,
          "y": 3944
        },
        "C": {
          "x": 8937,
          "y": 4168
        },
        "D": {
          "x": 8693,
          "y": 4168
        }
      }
    },
    {
      "points": {
        "A": {
          "x": 10542,
          "y": 4868
        },
        "B": {
          "x": 11666,
          "y": 4868
        },
        "C": {
          "x": 11666,
          "y": 5456
        },
        "D": {
          "x": 10542,
          "y": 5456
        }
      }
    },
    {
      "points": {
        "A": {
          "x": 8914,
          "y": 5164
        },
        "B": {
          "x": 9910,
          "y": 5164
        },
        "C": {
          "x": 9910,
          "y": 6056
        },
        "D": {
          "x": 8914,
          "y": 6056
        }
      }
    },
    {
      "points": {
        "A": {
          "x": 9626,
          "y": 2584
        },
        "B": {
          "x": 11143,
          "y": 2584
        },
        "C": {
          "x": 11143,
          "y": 3408
        },
        "D": {
          "x": 9626,
          "y": 3408
        }
      }
    },
    {
      "points": {
        "A": {
          "x": 8714,
          "y": 3292
        },
        "B": {
          "x": 8974,
          "y": 3292
        },
        "C": {
          "x": 8974,
          "y": 3528
        },
        "D": {
          "x": 8714,
          "y": 3528
        }
      }
    },
    {
      "points": {
        "A": {
          "x": 9705,
          "y": 2177
        },
        "B": {
          "x": 9961,
          "y": 2177
        },
        "C": {
          "x": 9961,
          "y": 2413
        },
        "D": {
          "x": 9705,
          "y": 2413
        }
      }
    },
    {
      "points": {
        "A": {
          "x": 8994,
          "y": 2456
        },
        "B": {
          "x": 9246,
          "y": 2456
        },
        "C": {
          "x": 9246,
          "y": 2684
        },
        "D": {
          "x": 8994,
          "y": 2684
        }
      }
    },
    {
      "points": {
        "A": {
          "x": 9154,
          "y": 2888
        },
        "B": {
          "x": 9430,
          "y": 2888
        },
        "C": {
          "x": 9430,
          "y": 3100
        },
        "D": {
          "x": 9154,
          "y": 3100
        }
      }
    },
    {
      "points": {
        "A": {
          "x": 9022,
          "y": 1760
        },
        "B": {
          "x": 9314,
          "y": 1760
        },
        "C": {
          "x": 9314,
          "y": 1996
        },
        "D": {
          "x": 9022,
          "y": 1996
        }
      }
    },
    {
      "points": {
        "A": {
          "x": 8718,
          "y": 1148
        },
        "B": {
          "x": 8978,
          "y": 1148
        },
        "C": {
          "x": 8978,
          "y": 1400
        },
        "D": {
          "x": 8718,
          "y": 1400
        }
      }
    },
    {
      "points": {
        "A": {
          "x": 9610,
          "y": 1156
        },
        "B": {
          "x": 9898,
          "y": 1156
        },
        "C": {
          "x": 9898,
          "y": 1428
        },
        "D": {
          "x": 9610,
          "y": 1428
        }
      }
    },
    {
      "points": {
        "A": {
          "x": 11167,
          "y": 1132
        },
        "B": {
          "x": 11479,
          "y": 1132
        },
        "C": {
          "x": 11479,
          "y": 1404
        },
        "D": {
          "x": 11167,
          "y": 1404
        }
      }
    },
    {
      "points": {
        "A": {
          "x": 11491,
          "y": 1624
        },
        "B": {
          "x": 11815,
          "y": 1624
        },
        "C": {
          "x": 11815,
          "y": 1896
        },
        "D": {
          "x": 11491,
          "y": 1896
        }
      }
    },
    {
      "points": {
        "A": {
          "x": 10939,
          "y": 2052
        },
        "B": {
          "x": 11283,
          "y": 2052
        },
        "C": {
          "x": 11283,
          "y": 2316
        },
        "D": {
          "x": 10939,
          "y": 2316
        }
      }
    },
    {
      "points": {
        "A": {
          "x": 10385,
          "y": 2166
        },
        "B": {
          "x": 10706,
          "y": 2166
        },
        "C": {
          "x": 10706,
          "y": 2394
        },
        "D": {
          "x": 10385,
          "y": 2394
        }
      }
    },
    {
      "points": {
        "A": {
          "x": 10874,
          "y": 1530
        },
        "B": {
          "x": 11122,
          "y": 1530
        },
        "C": {
          "x": 11122,
          "y": 1750
        },
        "D": {
          "x": 10874,
          "y": 1750
        }
      }
    },
    {
      "points": {
        "A": {
          "x": 12030,
          "y": 1350
        },
        "B": {
          "x": 11778,
          "y": 1350
        },
        "C": {
          "x": 11778,
          "y": 1110
        },
        "D": {
          "x": 12030,
          "y": 1110
        }
      }
    },
    {
      "points": {
        "A": {
          "x": 11802,
          "y": 3290
        },
        "B": {
          "x": 12014,
          "y": 3290
        },
        "C": {
          "x": 12014,
          "y": 3506
        },
        "D": {
          "x": 11802,
          "y": 3506
        }
      }
    },
    {
      "points": {
        "A": {
          "x": 11490,
          "y": 2438
        },
        "B": {
          "x": 11746,
          "y": 2438
        },
        "C": {
          "x": 11746,
          "y": 2686
        },
        "D": {
          "x": 11490,
          "y": 2686
        }
      }
    },
    {
      "points": {
        "A": {
          "x": 11270,
          "y": 2798
        },
        "B": {
          "x": 11510,
          "y": 2798
        },
        "C": {
          "x": 11510,
          "y": 3034
        },
        "D": {
          "x": 11270,
          "y": 3034
        }
      }
    },
    {
      "points": {
        "A": {
          "x": 9809,
          "y": 1454
        },
        "B": {
          "x": 10946,
          "y": 1454
        },
        "C": {
          "x": 10946,
          "y": 1990
        },
        "D": {
          "x": 9809,
          "y": 1990
        }
      }
    },
    {
      "points": {
        "A": {
          "x": 7684,
          "y": 6268
        },
        "B": {
          "x": 7949,
          "y": 6268
        },
        "C": {
          "x": 7949,
          "y": 6484
        },
        "D": {
          "x": 7684,
          "y": 6484
        }
      }
    },
    {
      "points": {
        "A": {
          "x": 8021,
          "y": 6276
        },
        "B": {
          "x": 8245,
          "y": 6276
        },
        "C": {
          "x": 8245,
          "y": 6484
        },
        "D": {
          "x": 8021,
          "y": 6484
        }
      }
    },
    {
      "points": {
        "A": {
          "x": 7620,
          "y": 6904
        },
        "B": {
          "x": 8237,
          "y": 6904
        },
        "C": {
          "x": 8237,
          "y": 7284
        },
        "D": {
          "x": 7620,
          "y": 7284
        }
      }
    },
    {
      "points": {
        "A": {
          "x": 6148,
          "y": 6788
        },
        "B": {
          "x": 6812,
          "y": 6788
        },
        "C": {
          "x": 6812,
          "y": 7292
        },
        "D": {
          "x": 6148,
          "y": 7292
        }
      }
    },
    {
      "points": {
        "A": {
          "x": 5860,
          "y": 6384
        },
        "B": {
          "x": 6100,
          "y": 6384
        },
        "C": {
          "x": 6100,
          "y": 6608
        },
        "D": {
          "x": 5860,
          "y": 6608
        }
      }
    },
    {
      "points": {
        "A": {
          "x": 6440,
          "y": 6164
        },
        "B": {
          "x": 6708,
          "y": 6164
        },
        "C": {
          "x": 6708,
          "y": 6376
        },
        "D": {
          "x": 6440,
          "y": 6376
        }
      }
    },
    {
      "points": {
        "A": {
          "x": 6832,
          "y": 6584
        },
        "B": {
          "x": 7060,
          "y": 6584
        },
        "C": {
          "x": 7060,
          "y": 6816
        },
        "D": {
          "x": 6832,
          "y": 6816
        }
      }
    },
    {
      "points": {
        "A": {
          "x": 4172,
          "y": 6852
        },
        "B": {
          "x": 4820,
          "y": 6852
        },
        "C": {
          "x": 4820,
          "y": 7292
        },
        "D": {
          "x": 4172,
          "y": 7292
        }
      }
    },
    {
      "points": {
        "A": {
          "x": 5028,
          "y": 6568
        },
        "B": {
          "x": 5252,
          "y": 6568
        },
        "C": {
          "x": 5252,
          "y": 6788
        },
        "D": {
          "x": 5028,
          "y": 6788
        }
      }
    },
    {
      "points": {
        "A": {
          "x": 5068,
          "y": 7180
        },
        "B": {
          "x": 5344,
          "y": 7180
        },
        "C": {
          "x": 5344,
          "y": 7384
        },
        "D": {
          "x": 5068,
          "y": 7384
        }
      }
    },
   
    {
      "points": {
        "A": {
          "x": 4952,
          "y": 5228
        },
        "B": {
          "x": 5240,
          "y": 5228
        },
        "C": {
          "x": 5240,
          "y": 5508
        },
        "D": {
          "x": 4952,
          "y": 5508
        }
      }
    },
    {
      "points": {
        "A": {
          "x": 5112,
          "y": 5888
        },
        "B": {
          "x": 5369,
          "y": 5888
        },
        "C": {
          "x": 5369,
          "y": 6144
        },
        "D": {
          "x": 5112,
          "y": 6144
        }
      }
    },
    {
      "points": {
        "A": {
          "x": 4656,
          "y": 6084
        },
        "B": {
          "x": 4952,
          "y": 6084
        },
        "C": {
          "x": 4952,
          "y": 6388
        },
        "D": {
          "x": 4656,
          "y": 6388
        }
      }
    },
    {
      "points": {
        "A": {
          "x": 3824,
          "y": 5384
        },
        "B": {
          "x": 4076,
          "y": 5384
        },
        "C": {
          "x": 4076,
          "y": 5608
        },
        "D": {
          "x": 3824,
          "y": 5608
        }
      }
    },
    {
      "points": {
        "A": {
          "x": 3816,
          "y": 5880
        },
        "B": {
          "x": 4024,
          "y": 5880
        },
        "C": {
          "x": 4024,
          "y": 6088
        },
        "D": {
          "x": 3816,
          "y": 6088
        }
      }
    },
    {
      "points": {
        "A": {
          "x": 2456,
          "y": 5348
        },
        "B": {
          "x": 3392,
          "y": 5348
        },
        "C": {
          "x": 3392,
          "y": 5988
        },
        "D": {
          "x": 2456,
          "y": 5988
        }
      }
    },
    {
      "points": {
        "A": {
          "x": 2540,
          "y": 5348
        },
        "B": {
          "x": 2328,
          "y": 5348
        },
        "C": {
          "x": 2328,
          "y": 5120
        },
        "D": {
          "x": 2540,
          "y": 5120
        }
      }
    },
    {
      "points": {
        "A": {
          "x": 457,
          "y": 2851
        },
        "B": {
          "x": 1117,
          "y": 2851
        },
        "C": {
          "x": 1117,
          "y": 3475
        },
        "D": {
          "x": 457,
          "y": 3475
        }
      }
    },
    {
      "points": {
        "A": {
          "x": 59,
          "y": 3281
        },
        "B": {
          "x": 298,
          "y": 3281
        },
        "C": {
          "x": 298,
          "y": 3531
        },
        "D": {
          "x": 59,
          "y": 3531
        }
      }
    },
    {
      "points": {
        "A": {
          "x": 1297,
          "y": 3283
        },
        "B": {
          "x": 1565,
          "y": 3283
        },
        "C": {
          "x": 1565,
          "y": 3509
        },
        "D": {
          "x": 1297,
          "y": 3509
        }
      }
    },
    {
      "points": {
        "A": {
          "x": 1121,
          "y": 2638
        },
        "B": {
          "x": 1401,
          "y": 2638
        },
        "C": {
          "x": 1401,
          "y": 2856
        },
        "D": {
          "x": 1121,
          "y": 2856
        }
      }
    },{
      "points": {
        "A": {
          "x": 156,
          "y": 2648
        },
        "B": {
          "x": 429,
          "y": 2648
        },
        "C": {
          "x": 429,
          "y": 2890
        },
        "D": {
          "x": 156,
          "y": 2890
        }
      }
    },{
      "points": {
        "A": {
          "x": 106,
          "y": 1476
        },
        "B": {
          "x": 350,
          "y": 1476
        },
        "C": {
          "x": 350,
          "y": 1705
        },
        "D": {
          "x": 106,
          "y": 1705
        }
      }
    },{
      "points": {
        "A": {
          "x": 1285,
          "y": 1617
        },
        "B": {
          "x": 1577,
          "y": 1617
        },
        "C": {
          "x": 1577,
          "y": 1864
        },
        "D": {
          "x": 1285,
          "y": 1864
        }
      }
    }
    ,{
      "points": {
        "A": {
          "x": 11740,
          "y": 1088
        },
        "B": {
          "x": 12044,
          "y": 1088
        },
        "C": {
          "x": 12044,
          "y": 1372
        },
        "D": {
          "x": 11740,
          "y": 1372
        }
      }
    },{
      "points": {
        "A": {
          "x": 10920,
          "y": 26
        },
        "B": {
          "x": 11188,
          "y": 26
        },
        "C": {
          "x": 11188,
          "y": 246
        },
        "D": {
          "x": 10920,
          "y": 246
        }
      }
    },{
      "points": {
        "A": {
          "x": 11612,
          "y": 378
        },
        "B": {
          "x": 11928,
          "y": 378
        },
        "C": {
          "x": 11928,
          "y": 598
        },
        "D": {
          "x": 11612,
          "y": 598
        }
      }
    },{
      "points": {
        "A": {
          "x": 9147,
          "y": 30
        },
        "B": {
          "x": 9822,
          "y": 30
        },
        "C": {
          "x": 9822,
          "y": 584
        },
        "D": {
          "x": 9147,
          "y": 584
        }
      }
    },{
      "points": {
        "A": {
          "x": 6314,
          "y": 46
        },
        "B": {
          "x": 6558,
          "y": 46
        },
        "C": {
          "x": 6558,
          "y": 298
        },
        "D": {
          "x": 6314,
          "y": 298
        }
      }
    },{
      "points": {
        "A": {
          "x": 3974,
          "y": 762
        },
        "B": {
          "x": 5062,
          "y": 762
        },
        "C": {
          "x": 5062,
          "y": 1414
        },
        "D": {
          "x": 3974,
          "y": 1414
        }
      }
    },{
      "points": {
        "A": {
          "x": 3644,
          "y": 150
        },
        "B": {
          "x": 3876,
          "y": 150
        },
        "C": {
          "x": 3876,
          "y": 390
        },
        "D": {
          "x": 3644,
          "y": 390
        }
      }
    },{
      "points": {
        "A": {
          "x": 4090,
          "y": 150
        },
        "B": {
          "x": 4362,
          "y": 150
        },
        "C": {
          "x": 4362,
          "y": 410
        },
        "D": {
          "x": 4090,
          "y": 410
        }
      }
    },{
      "points": {
        "A": {
          "x": 5138,
          "y": 146
        },
        "B": {
          "x": 5410,
          "y": 146
        },
        "C": {
          "x": 5410,
          "y": 378
        },
        "D": {
          "x": 5138,
          "y": 378
        }
      }
    },{
      "points": {
        "A": {
          "x": 2914,
          "y": 525
        },
        "B": {
          "x": 3160,
          "y": 525
        },
        "C": {
          "x": 3160,
          "y": 725
        },
        "D": {
          "x": 2914,
          "y": 725
        }
      }
    },{
      "points": {
        "A": {
          "x": 548,
          "y": 1223
        },
        "B": {
          "x": 802,
          "y": 1223
        },
        "C": {
          "x": 802,
          "y": 1488
        },
        "D": {
          "x": 548,
          "y": 1488
        }
      }
    },{
      "points": {
        "A": {
          "x": 42,
          "y": 768
        },
        "B": {
          "x": 304,
          "y": 768
        },
        "C": {
          "x": 304,
          "y": 1045
        },
        "D": {
          "x": 42,
          "y": 1045
        }
      }
    },{
      "points": {
        "A": {
          "x": 1319,
          "y": 1115
        },
        "B": {
          "x": 1579,
          "y": 1115
        },
        "C": {
          "x": 1579,
          "y": 1364
        },
        "D": {
          "x": 1319,
          "y": 1364
        }
      }
    },{
      "points": {
        "A": {
          "x": 746,
          "y": 5482
        },
        "B": {
          "x": 1758,
          "y": 5482
        },
        "C": {
          "x": 1758,
          "y": 5974
        },
        "D": {
          "x": 746,
          "y": 5974
        }
      }
    }
    ,{
      "points": {
        "A": {
          "x": 478,
          "y": 6626
        },
        "B": {
          "x": 1268,
          "y": 6626
        },
        "C": {
          "x": 1268,
          "y": 7210
        },
        "D": {
          "x": 478,
          "y": 7210
        }
      }
    },{
      "points": {
        "A": {
          "x": 122,
          "y": 6660
        },
        "B": {
          "x": 345,
          "y": 6660
        },
        "C": {
          "x": 345,
          "y": 6876
        },
        "D": {
          "x": 122,
          "y": 6876
        }
      }
    },{
      "points": {
        "A": {
          "x": 23,
          "y": 7128
        },
        "B": {
          "x": 248,
          "y": 7128
        },
        "C": {
          "x": 248,
          "y": 7390
        },
        "D": {
          "x": 23,
          "y": 7390
        }
      }
    }
    ,{
      "points": {
        "A": {
          "x": 1574,
          "y": 7041
        },
        "B": {
          "x": 1841,
          "y": 7041
        },
        "C": {
          "x": 1841,
          "y": 7288
        },
        "D": {
          "x": 1574,
          "y": 7288
        }
      }
    }
    ,{
      "points": {
        "A": {
          "x": 2284,
          "y": 6530
        },
        "B": {
          "x": 2512,
          "y": 6530
        },
        "C": {
          "x": 2512,
          "y": 6742
        },
        "D": {
          "x": 2284,
          "y": 6742
        }
      }
    }
    ,{
      "points": {
        "A": {
          "x": 2282,
          "y": 6742
        },
        "B": {
          "x": 3194,
          "y": 6742
        },
        "C": {
          "x": 3194,
          "y": 7374
        },
        "D": {
          "x": 2282,
          "y": 7374
        }
      }
    }
    ,{
      "points": {
        "A": {
          "x": 3778,
          "y": 7102
        },
        "B": {
          "x": 4038,
          "y": 7102
        },
        "C": {
          "x": 4038,
          "y": 7350
        },
        "D": {
          "x": 3778,
          "y": 7350
        }
      }
    }
    ,{
      "points": {
        "A": {
          "x": 4618,
          "y": 5168
        },
        "B": {
          "x": 4879,
          "y": 5168
        },
        "C": {
          "x": 4879,
          "y": 5472
        },
        "D": {
          "x": 4618,
          "y": 5472
        }
      }
    }
    ,{
      "points": {
        "A": {
          "x": 6090,
          "y": 5172
        },
        "B": {
          "x": 6910,
          "y": 5172
        },
        "C": {
          "x": 6910,
          "y": 5784
        },
        "D": {
          "x": 6090,
          "y": 5784
        }
      }
    }
    ,{
      "points": {
        "A": {
          "x": 7770,
          "y": 5148
        },
        "B": {
          "x": 8063,
          "y": 5148
        },
        "C": {
          "x": 8063,
          "y": 5408
        },
        "D": {
          "x": 7770,
          "y": 5408
        }
      }
    }
    ,{
      "points": {
        "A": {
          "x": 7246,
          "y": 5204
        },
        "B": {
          "x": 7534,
          "y": 5204
        },
        "C": {
          "x": 7534,
          "y": 5504
        },
        "D": {
          "x": 7246,
          "y": 5504
        }
      }
    },{
      "points": {
        "A": {
          "x": 7985,
          "y": 4338
        },
        "B": {
          "x": 8213,
          "y": 4338
        },
        "C": {
          "x": 8213,
          "y": 4558
        },
        "D": {
          "x": 7985,
          "y": 4558
        }
      }
    }
    ,{
      "points": {
        "A": {
          "x": 7825,
          "y": 6550
        },
        "B": {
          "x": 8073,
          "y": 6550
        },
        "C": {
          "x": 8073,
          "y": 6779
        },
        "D": {
          "x": 7825,
          "y": 6779
        }
      }
    }
    ,{
      "points": {
        "A": {
          "x": 9458,
          "y": 6896
        },
        "B": {
          "x": 10070,
          "y": 6896
        },
        "C": {
          "x": 10070,
          "y": 7280
        },
        "D": {
          "x": 9458,
          "y": 7280
        }
      }
    },{
      "points": {
        "A": {
          "x": 11341,
          "y": 5730
        },
        "B": {
          "x": 11589,
          "y": 5730
        },
        "C": {
          "x": 11589,
          "y": 5993
        },
        "D": {
          "x": 11341,
          "y": 5993
        }
      }
    },{
      "points": {
        "A": {
          "x": 10771,
          "y": 5750
        },
        "B": {
          "x": 11018,
          "y": 5750
        },
        "C": {
          "x": 11018,
          "y": 6015
        },
        "D": {
          "x": 10771,
          "y": 6015
        }
      }
    },{
      "points": {
        "A": {
          "x": 10578,
          "y": 6387
        },
        "B": {
          "x": 10800,
          "y": 6387
        },
        "C": {
          "x": 10800,
          "y": 6630
        },
        "D": {
          "x": 10578,
          "y": 6630
        }
      }
    },{
      "points": {
        "A": {
          "x": 11395,
          "y": 6417
        },
        "B": {
          "x": 11606,
          "y": 6417
        },
        "C": {
          "x": 11606,
          "y": 6685
        },
        "D": {
          "x": 11395,
          "y": 6685
        }
      }
    }
    ,{
      "points": {
        "A": {
          "x": 11309,
          "y": 4030
        },
        "B": {
          "x": 11570,
          "y": 4030
        },
        "C": {
          "x": 11570,
          "y": 4279
        },
        "D": {
          "x": 11309,
          "y": 4279
        }
      }
    },{
      "points": {
        "A": {
          "x": 10604,
          "y": 4033
        },
        "B": {
          "x": 10827,
          "y": 4033
        },
        "C": {
          "x": 10827,
          "y": 4270
        },
        "D": {
          "x": 10604,
          "y": 4270
        }
      }
    }
    ,{
      "points": {
        "A": {
          "x": 10949,
          "y": 4406
        },
        "B": {
          "x": 11213,
          "y": 4406
        },
        "C": {
          "x": 11213,
          "y": 4673
        },
        "D": {
          "x": 10949,
          "y": 4673
        }
      }
    }
    ,{
      "points": {
        "A": {
          "x": 3849,
          "y": 5061
        },
        "B": {
          "x": 4047,
          "y": 5061
        },
        "C": {
          "x": 4047,
          "y": 5281
        },
        "D": {
          "x": 3849,
          "y": 5281
        }
      }
    },{
      "points": {
        "A": {
          "x": 2331,
          "y": 4512
        },
        "B": {
          "x": 2492,
          "y": 4512
        },
        "C": {
          "x": 2492,
          "y": 4750
        },
        "D": {
          "x": 2331,
          "y": 4750
        }
      }
    }
    ,{
      "points": {
        "A": {
          "x": 2338,
          "y": 4792
        },
        "B": {
          "x": 2500,
          "y": 4792
        },
        "C": {
          "x": 2500,
          "y": 5028
        },
        "D": {
          "x": 2338,
          "y": 5028
        }
      }
    }
    ,{
      "points": {
        "A": {
          "x": 2332,
          "y": 5142
        },
        "B": {
          "x": 2549,
          "y": 5142
        },
        "C": {
          "x": 2549,
          "y": 5391
        },
        "D": {
          "x": 2332,
          "y": 5391
        }
      }
    }
    ,{
      "points": {
        "A": {
          "x": 1610,
          "y": 3423
        },
        "B": {
          "x": 1684,
          "y": 3423
        },
        "C": {
          "x": 1684,
          "y": 3595
        },
        "D": {
          "x": 1610,
          "y": 3595
        }
      }
    }
    ,{
      "points": {
        "A": {
          "x": 1926,
          "y": 3415
        },
        "B": {
          "x": 2002,
          "y": 3415
        },
        "C": {
          "x": 2002,
          "y": 3605
        },
        "D": {
          "x": 1926,
          "y": 3605
        }
      }
    },{
      "points": {
        "A": {
          "x": 2211,
          "y": 6420
        },
        "B": {
          "x": 2291,
          "y": 6420
        },
        "C": {
          "x": 2291,
          "y": 6513
        },
        "D": {
          "x": 2211,
          "y": 6513
        }
      }
    },{
      "points": {
        "A": {
          "x": 1889,
          "y": 6420
        },
        "B": {
          "x": 1973,
          "y": 6420
        },
        "C": {
          "x": 1973,
          "y": 6512
        },
        "D": {
          "x": 1889,
          "y": 6512
        }
      }
    }
    ,{
      "points": {
        "A": {
          "x": 9317,
          "y": 6559
        },
        "B": {
          "x": 9399,
          "y": 6559
        },
        "C": {
          "x": 9399,
          "y": 6637
        },
        "D": {
          "x": 9317,
          "y": 6637
        }
      }
    }
    ,{
      "points": {
        "A": {
          "x": 8997,
          "y": 6555
        },
        "B": {
          "x": 9075,
          "y": 6555
        },
        "C": {
          "x": 9075,
          "y": 6637
        },
        "D": {
          "x": 8997,
          "y": 6637
        }
      }
    }
    ,{
      "points": {
        "A": {
          "x": 8291,
          "y": 4479
        },
        "B": {
          "x": 8373,
          "y": 4479
        },
        "C": {
          "x": 8373,
          "y": 4657
        },
        "D": {
          "x": 8291,
          "y": 4657
        }
      }
    }
    ,{
      "points": {
        "A": {
          "x": 8611,
          "y": 4480
        },
        "B": {
          "x": 8696,
          "y": 4480
        },
        "C": {
          "x": 8696,
          "y": 4656
        },
        "D": {
          "x": 8611,
          "y": 4656
        }
      }
    }
    ,{
      "points": {
        "A": {
          "x": 6884,
          "y": 3419
        },
        "B": {
          "x": 6966,
          "y": 3419
        },
        "C": {
          "x": 6966,
          "y": 3596
        },
        "D": {
          "x": 6884,
          "y": 3596
        }
      }
    }
    ,{
      "points": {
        "A": {
          "x": 7204,
          "y": 3423
        },
        "B": {
          "x": 7283,
          "y": 3423
        },
        "C": {
          "x": 7283,
          "y": 3601
        },
        "D": {
          "x": 7204,
          "y": 3601
        }
      }
    },{
      "points": {
        "A": {
          "x": 6981,
          "y": 4481
        },
        "B": {
          "x": 7059,
          "y": 4481
        },
        "C": {
          "x": 7059,
          "y": 4657
        },
        "D": {
          "x": 6981,
          "y": 4657
        }
      }
    },{
      "points": {
        "A": {
          "x": 6657,
          "y": 4475
        },
        "B": {
          "x": 6741,
          "y": 4475
        },
        "C": {
          "x": 6741,
          "y": 4659
        },
        "D": {
          "x": 6657,
          "y": 4659
        }
      }
    },{
      "points": {
        "A": {
          "x": 8256,
          "y": 570
        },
        "B": {
          "x": 8345,
          "y": 570
        },
        "C": {
          "x": 8345,
          "y": 753
        },
        "D": {
          "x": 8256,
          "y": 753
        }
      }
    },{
      "points": {
        "A": {
          "x": 8580,
          "y": 573
        },
        "B": {
          "x": 8659,
          "y": 573
        },
        "C": {
          "x": 8659,
          "y": 750
        },
        "D": {
          "x": 8580,
          "y": 750
        }
      }
    }
    ,{
      "points": {
        "A": {
          "x": 1928,
          "y": 395
        },
        "B": {
          "x": 2008,
          "y": 395
        },
        "C": {
          "x": 2008,
          "y": 463
        },
        "D": {
          "x": 1928,
          "y": 463
        }
      }
    }
    ,{
      "points": {
        "A": {
          "x": 1607,
          "y": 385
        },
        "B": {
          "x": 1686,
          "y": 385
        },
        "C": {
          "x": 1686,
          "y": 469
        },
        "D": {
          "x": 1607,
          "y": 469
        }
      }
    },{
      "points": {
        "A": {
          "x": 3496,
          "y": 1532
        },
        "B": {
          "x": 3575,
          "y": 1532
        },
        "C": {
          "x": 3575,
          "y": 1710
        },
        "D": {
          "x": 3496,
          "y": 1710
        }
      }
    },{
      "points": {
        "A": {
          "x": 5177,
          "y": 1423
        },
        "B": {
          "x": 5333,
          "y": 1423
        },
        "C": {
          "x": 5333,
          "y": 1616
        },
        "D": {
          "x": 5177,
          "y": 1616
        }
      }
    }
    
  ]
}

